{
    "name": "root",
    "gauges": {
        "AgentControl.Policy.Entropy.mean": {
            "value": 1.4428285360336304,
            "min": 1.421617031097412,
            "max": 1.4441537857055664,
            "count": 6
        },
        "AgentControl.Policy.Entropy.sum": {
            "value": 72112.5703125,
            "min": 71088.15625,
            "max": 72373.765625,
            "count": 6
        },
        "AgentControl.Step.mean": {
            "value": 299962.0,
            "min": 49992.0,
            "max": 299962.0,
            "count": 6
        },
        "AgentControl.Step.sum": {
            "value": 299962.0,
            "min": 49992.0,
            "max": 299962.0,
            "count": 6
        },
        "AgentControl.Policy.ExtrinsicValueEstimate.mean": {
            "value": 0.45740562677383423,
            "min": -0.35452768206596375,
            "max": 0.45740562677383423,
            "count": 6
        },
        "AgentControl.Policy.ExtrinsicValueEstimate.sum": {
            "value": 368.6689453125,
            "min": -279.72235107421875,
            "max": 368.6689453125,
            "count": 6
        },
        "AgentControl.Environment.EpisodeLength.mean": {
            "value": 1381.3809523809523,
            "min": 837.0461538461539,
            "max": 2546.3333333333335,
            "count": 6
        },
        "AgentControl.Environment.EpisodeLength.sum": {
            "value": 58018.0,
            "min": 12154.0,
            "max": 79889.0,
            "count": 6
        },
        "AgentControl.Environment.CumulativeReward.mean": {
            "value": 8.428571428571429,
            "min": 0.4666666666666667,
            "max": 10.0,
            "count": 6
        },
        "AgentControl.Environment.CumulativeReward.sum": {
            "value": 354.0,
            "min": 7.0,
            "max": 354.0,
            "count": 6
        },
        "AgentControl.Policy.ExtrinsicReward.mean": {
            "value": 8.428571428571429,
            "min": 0.4666666666666667,
            "max": 10.0,
            "count": 6
        },
        "AgentControl.Policy.ExtrinsicReward.sum": {
            "value": 354.0,
            "min": 7.0,
            "max": 354.0,
            "count": 6
        },
        "AgentControl.Losses.PolicyLoss.mean": {
            "value": 0.02219656611831548,
            "min": 0.021608876264751112,
            "max": 0.0250758709803146,
            "count": 6
        },
        "AgentControl.Losses.PolicyLoss.sum": {
            "value": 0.1109828305915774,
            "min": 0.08643550505900445,
            "max": 0.125379354901573,
            "count": 6
        },
        "AgentControl.Losses.ValueLoss.mean": {
            "value": 0.4227938747654359,
            "min": 0.02389077005306414,
            "max": 0.4227938747654359,
            "count": 6
        },
        "AgentControl.Losses.ValueLoss.sum": {
            "value": 2.1139693738271794,
            "min": 0.1194538502653207,
            "max": 2.1139693738271794,
            "count": 6
        },
        "AgentControl.Policy.LearningRate.mean": {
            "value": 0.0002442655785781467,
            "min": 0.0002442655785781467,
            "max": 0.0002947462517512499,
            "count": 6
        },
        "AgentControl.Policy.LearningRate.sum": {
            "value": 0.0012213278928907333,
            "min": 0.0011789850070049997,
            "max": 0.0014268934243688665,
            "count": 6
        },
        "AgentControl.Policy.Epsilon.mean": {
            "value": 0.18142185333333335,
            "min": 0.18142185333333335,
            "max": 0.19824875000000003,
            "count": 6
        },
        "AgentControl.Policy.Epsilon.sum": {
            "value": 0.9071092666666668,
            "min": 0.7929950000000001,
            "max": 0.9756311333333334,
            "count": 6
        },
        "AgentControl.Policy.Beta.mean": {
            "value": 0.004072950481333334,
            "min": 0.004072950481333334,
            "max": 0.004912612625,
            "count": 6
        },
        "AgentControl.Policy.Beta.sum": {
            "value": 0.02036475240666667,
            "min": 0.0196504505,
            "max": 0.02378399355333333,
            "count": 6
        },
        "AgentControl.IsTraining.mean": {
            "value": 1.0,
            "min": 1.0,
            "max": 1.0,
            "count": 6
        },
        "AgentControl.IsTraining.sum": {
            "value": 1.0,
            "min": 1.0,
            "max": 1.0,
            "count": 6
        }
    },
    "metadata": {
        "timer_format_version": "0.1.0",
        "start_time_seconds": "1712116515",
        "python_version": "3.10.11 (tags/v3.10.11:7d4cc5a, Apr  5 2023, 00:38:17) [MSC v.1929 64 bit (AMD64)]",
        "command_line_arguments": "\\\\?\\C:\\Users\\X\\AppData\\Local\\Programs\\Python\\Python310\\Scripts\\mlagents-learn configuration.yaml --run-id=RayCast5",
        "mlagents_version": "1.1.0.dev0",
        "mlagents_envs_version": "1.1.0.dev0",
        "communication_protocol_version": "1.5.0",
        "pytorch_version": "2.2.2+cpu",
        "numpy_version": "1.23.5",
        "end_time_seconds": "1712117041"
    },
    "total": 525.7242284999993,
    "count": 1,
    "self": 0.003138399999443209,
    "children": {
        "run_training.setup": {
            "total": 0.07073630000013509,
            "count": 1,
            "self": 0.07073630000013509
        },
        "TrainerController.start_learning": {
            "total": 525.6503537999997,
            "count": 1,
            "self": 0.29735060008533765,
            "children": {
                "TrainerController._reset_env": {
                    "total": 13.48246189999918,
                    "count": 1,
                    "self": 13.48246189999918
                },
                "TrainerController.advance": {
                    "total": 511.79037189991504,
                    "count": 20398,
                    "self": 0.2975651001179358,
                    "children": {
                        "env_step": {
                            "total": 463.58460539966836,
                            "count": 20398,
                            "self": 438.6875002997658,
                            "children": {
                                "SubprocessEnvManager._take_step": {
                                    "total": 24.68331459996989,
                                    "count": 20398,
                                    "self": 0.8806424000613333,
                                    "children": {
                                        "TorchPolicy.evaluate": {
                                            "total": 23.802672199908557,
                                            "count": 20398,
                                            "self": 23.802672199908557
                                        }
                                    }
                                },
                                "workers": {
                                    "total": 0.21379049993265653,
                                    "count": 20397,
                                    "self": 0.0,
                                    "children": {
                                        "worker_root": {
                                            "total": 443.7329122999472,
                                            "count": 20397,
                                            "is_parallel": true,
                                            "self": 93.50811700007034,
                                            "children": {
                                                "steps_from_proto": {
                                                    "total": 0.00046149999980116263,
                                                    "count": 1,
                                                    "is_parallel": true,