{
    "name": "root",
    "gauges": {
        "MoveToGoal.Policy.Entropy.mean": {
            "value": 1.1569621562957764,
            "min": 1.1569621562957764,
            "max": 1.3897228240966797,
            "count": 50
        },
        "MoveToGoal.Policy.Entropy.sum": {
            "value": 11644.82421875,
            "min": 11441.5546875,
            "max": 14633.78125,
            "count": 50
        },
        "MoveToGoal.Environment.EpisodeLength.mean": {
            "value": 47.44776119402985,
            "min": 43.70776255707762,
            "max": 192.55769230769232,
            "count": 50
        },
        "MoveToGoal.Environment.EpisodeLength.sum": {
            "value": 9537.0,
            "min": 9293.0,
            "max": 10538.0,
            "count": 50
        },
        "MoveToGoal.Step.mean": {
            "value": 499995.0,
            "min": 9955.0,
            "max": 499995.0,
            "count": 50
        },
        "MoveToGoal.Step.sum": {
            "value": 499995.0,
            "min": 9955.0,
            "max": 499995.0,
            "count": 50
        },
        "MoveToGoal.Policy.ExtrinsicValueEstimate.mean": {
            "value": 0.7819663286209106,
            "min": -1.234947919845581,
            "max": 0.7915807366371155,
            "count": 50
        },
        "MoveToGoal.Policy.ExtrinsicValueEstimate.sum": {
            "value": 201.747314453125,
            "min": -246.9895782470703,
            "max": 213.726806640625,
            "count": 50
        },
        "MoveToGoal.Environment.CumulativeReward.mean": {
            "value": 0.9651741293532339,
            "min": -0.3548387096774194,
            "max": 0.9863636363636363,
            "count": 50
        },
        "MoveToGoal.Environment.CumulativeReward.sum": {
            "value": 194.0,
            "min": -22.0,
            "max": 217.0,
            "count": 50
        },
        "MoveToGoal.Policy.ExtrinsicReward.mean": {
            "value": 0.9651741293532339,
            "min": -0.3548387096774194,
            "max": 0.9863636363636363,
            "count": 50
        },
        "MoveToGoal.Policy.ExtrinsicReward.sum": {
            "value": 194.0,
            "min": -22.0,
            "max": 217.0,
            "count": 50
        },
        "MoveToGoal.Losses.PolicyLoss.mean": {
            "value": 0.24586018385892933,
            "min": 0.23490218569111118,
            "max": 0.253687083851325,
            "count": 50
        },
        "MoveToGoal.Losses.PolicyLoss.sum": {
            "value": 19.668814708714347,
            "min": 11.124886401183847,
            "max": 20.428808179351513,
            "count": 50
        },
        "MoveToGoal.Losses.ValueLoss.mean": {
            "value": 0.009071694949462103,
            "min": 0.002523116110727823,
            "max": 0.0434157896354762,
            "count": 50
        },
        "MoveToGoal.Losses.ValueLoss.sum": {
            "value": 0.7257355959569682,
            "min": 0.1740950116402198,
            "max": 2.1656303774302446,
            "count": 50
        },
        "MoveToGoal.Policy.LearningRate.mean": {
            "value": 2.968374010574998e-06,
            "min": 2.968374010574998e-06,
            "max": 0.0002961457056325913,
            "count": 50
        },
        "MoveToGoal.Policy.LearningRate.sum": {
            "value": 0.00023746992084599985,
            "min": 0.00023746992084599985,
            "max": 0.0215371274209576,
            "count": 50
        },
        "MoveToGoal.Policy.Epsilon.mean": {
            "value": 0.10098942500000001,
            "min": 0.10098942500000001,
            "max": 0.19871523478260872,
            "count": 50
        },
        "MoveToGoal.Policy.Epsilon.sum": {
            "value": 8.079154,
            "min": 8.079154,
            "max": 14.579042400000002,
            "count": 50
        },
        "MoveToGoal.Policy.Beta.mean": {
            "value": 0.0005000000000000001,
            "min": 0.0005,
            "max": 0.0005000000000000001,
            "count": 50
        },
        "MoveToGoal.Policy.Beta.sum": {
            "value": 0.04000000000000001,
            "min": 0.023000000000000007,
            "max": 0.04050000000000001,
            "count": 50
        },
        "MoveToGoal.IsTraining.mean": {
            "value": 1.0,
            "min": 1.0,
            "max": 1.0,
            "count": 50
        },
        "MoveToGoal.IsTraining.sum": {
            "value": 1.0,
            "min": 1.0,
            "max": 1.0,
            "count": 50
        }
    },
    "metadata": {
        "timer_format_version": "0.1.0",
        "start_time_seconds": "1712007214",
        "python_version": "3.10.11 (tags/v3.10.11:7d4cc5a, Apr  5 2023, 00:38:17) [MSC v.1929 64 bit (AMD64)]",
        "command_line_arguments": "\\\\?\\C:\\Users\\X\\AppData\\Local\\Programs\\Python\\Python310\\Scripts\\mlagents-learn config/moveToGoal.yaml --run-id=1 --force",
        "mlagents_version": "1.1.0.dev0",
        "mlagents_envs_version": "1.1.0.dev0",
        "communication_protocol_version": "1.5.0",
        "pytorch_version": "2.2.2+cpu",
        "numpy_version": "1.23.5",
        "end_time_seconds": "1712007788"
    },
    "total": 574.0567007999925,
    "count": 1,
    "self": 0.005675699983839877,
    "children": {
        "run_training.setup": {
            "total": 0.05830509999941569,
            "count": 1,
            "self": 0.05830509999941569
        },
        "TrainerController.start_learning": {
            "total": 573.9927200000093,
            "count": 1,
            "self": 0.4852376001945231,
            "children": {
                "TrainerController._reset_env": {
                    "total": 9.770301700002165,
                    "count": 1,
                    "self": 9.770301700002165
                },
                "TrainerController.advance": {
                    "total": 563.7137335998268,
                    "count": 38493,
                    "self": 0.4143401019682642,
                    "children": {
                        "env_step": {
                            "total": 143.99114069971256,
                            "count": 38493,
                            "self": 126.225692602442,
                            "children": {
                                "SubprocessEnvManager._take_step": {
                                    "total": 17.472957599922665,
                                    "count": 38493,
                                    "self": 1.3725746002892265,
                                    "children": {
                                        "TorchPolicy.evaluate": {
                                            "total": 16.10038299963344,
                                            "count": 33362,
                                            "self": 16.10038299963344
                                        }
                                    }
                                },
                                "workers": {
                                    "total": 0.2924904973478988,
                                    "count": 38493,
                                    "self": 0.0,
                                    "children": {
                                        "worker_root": {
                                            "total": 564.1326522993913,
                                            "count": 38493,
                                            "is_parallel": true,
                                            "self": 464.593690301539,
                                            "children": {
                                                "steps_from_proto": {
                                                    "total": 0.00020700000459328294,
                                                    "count": 1,
                                                    "is_parallel": true,
                                                    "self": 6.210000719875097e-05,