{
    "name": "root",
    "gauges": {
        "AgentControl.Policy.Entropy.mean": {
            "value": 1.4052588939666748,
            "min": 1.4052588939666748,
            "max": 1.4173210859298706,
            "count": 10
        },
        "AgentControl.Policy.Entropy.sum": {
            "value": 70403.46875,
            "min": 70170.390625,
            "max": 71560.5390625,
            "count": 10
        },
        "AgentControl.Step.mean": {
            "value": 499996.0,
            "min": 49966.0,
            "max": 499996.0,
            "count": 10
        },
        "AgentControl.Step.sum": {
            "value": 499996.0,
            "min": 49966.0,
            "max": 499996.0,
            "count": 10
        },
        "AgentControl.Policy.ExtrinsicValueEstimate.mean": {
            "value": 7.126608848571777,
            "min": -0.10508834570646286,
            "max": 7.126608848571777,
            "count": 10
        },
        "AgentControl.Policy.ExtrinsicValueEstimate.sum": {
            "value": 9264.591796875,
            "min": -82.91470336914062,
            "max": 9264.591796875,
            "count": 10
        },
        "AgentControl.Environment.EpisodeLength.mean": {
            "value": 56.91926182237601,
            "min": 56.91926182237601,
            "max": 2588.2272727272725,
            "count": 10
        },
        "AgentControl.Environment.EpisodeLength.sum": {
            "value": 49349.0,
            "min": 13214.0,
            "max": 63325.0,
            "count": 10
        },
        "AgentControl.Environment.CumulativeReward.mean": {
            "value": 10.0,
            "min": -1.0,
            "max": 10.0,
            "count": 10
        },
        "AgentControl.Environment.CumulativeReward.sum": {
            "value": 8660.0,
            "min": -16.0,
            "max": 8660.0,
            "count": 10
        },
        "AgentControl.Policy.ExtrinsicReward.mean": {
            "value": 10.0,
            "min": -1.0,
            "max": 10.0,
            "count": 10
        },
        "AgentControl.Policy.ExtrinsicReward.sum": {
            "value": 8660.0,
            "min": -16.0,
            "max": 8660.0,
            "count": 10
        },
        "AgentControl.Losses.PolicyLoss.mean": {
            "value": 0.019921476991852007,
            "min": 0.019921476991852007,
            "max": 0.027327486742554658,
            "count": 10
        },
        "AgentControl.Losses.PolicyLoss.sum": {
            "value": 0.09960738495926004,
            "min": 0.09960738495926004,
            "max": 0.1366374337127733,
            "count": 10
        },
        "AgentControl.Losses.ValueLoss.mean": {
            "value": 0.9845832836627959,
            "min": 0.0035290274722986703,
            "max": 1.4061668594678245,
            "count": 10
        },
        "AgentControl.Losses.ValueLoss.sum": {
            "value": 4.92291641831398,
            "min": 0.014116109889194681,
            "max": 6.448957600196202,
            "count": 10
        },
        "AgentControl.Policy.LearningRate.mean": {
            "value": 1.5514534828519994e-05,
            "min": 1.5514534828519994e-05,
            "max": 0.0002843004052332,
            "count": 10
        },
        "AgentControl.Policy.LearningRate.sum": {
            "value": 7.757267414259997e-05,
            "min": 7.757267414259997e-05,
            "max": 0.0012801246732918,
            "count": 10
        },
        "AgentControl.Policy.Epsilon.mean": {
            "value": 0.10517148000000001,
            "min": 0.10517148000000001,
            "max": 0.19476680000000002,
            "count": 10
        },
        "AgentControl.Policy.Epsilon.sum": {
            "value": 0.5258574,
            "min": 0.5258574,
            "max": 0.9267082000000002,
            "count": 10
        },
        "AgentControl.Policy.Beta.mean": {
            "value": 0.000268056852,
            "min": 0.000268056852,
            "max": 0.004738863320000001,
            "count": 10
        },
        "AgentControl.Policy.Beta.sum": {
            "value": 0.00134028426,
            "min": 0.00134028426,
            "max": 0.02134273918,
            "count": 10
        },
        "AgentControl.IsTraining.mean": {
            "value": 1.0,
            "min": 1.0,
            "max": 1.0,
            "count": 10
        },
        "AgentControl.IsTraining.sum": {
            "value": 1.0,
            "min": 1.0,
            "max": 1.0,
            "count": 10
        }
    },
    "metadata": {
        "timer_format_version": "0.1.0",
        "start_time_seconds": "1712115539",
        "python_version": "3.10.11 (tags/v3.10.11:7d4cc5a, Apr  5 2023, 00:38:17) [MSC v.1929 64 bit (AMD64)]",
        "command_line_arguments": "\\\\?\\C:\\Users\\X\\AppData\\Local\\Programs\\Python\\Python310\\Scripts\\mlagents-learn --run-id=RayCast3",
        "mlagents_version": "1.1.0.dev0",
        "mlagents_envs_version": "1.1.0.dev0",
        "communication_protocol_version": "1.5.0",
        "pytorch_version": "2.2.2+cpu",
        "numpy_version": "1.23.5",
        "end_time_seconds": "1712115780"
    },
    "total": 240.53473400000075,
    "count": 1,
    "self": 0.004554999999527354,
    "children": {
        "run_training.setup": {
            "total": 0.02166850000139675,
            "count": 1,
            "self": 0.02166850000139675
        },
        "TrainerController.start_learning": {
            "total": 240.50851049999983,
            "count": 1,
            "self": 0.38209400015330175,
            "children": {
                "TrainerController._reset_env": {
                    "total": 14.192572500000097,
                    "count": 1,
                    "self": 14.192572500000097
                },
                "TrainerController.advance": {
                    "total": 225.89853959984612,
                    "count": 33365,
                    "self": 0.3472867003583815,
                    "children": {
                        "env_step": {
                            "total": 146.14924139977302,
                            "count": 33365,
                            "self": 116.48216660044272,
                            "children": {
                                "SubprocessEnvManager._take_step": {
                                    "total": 29.414438100055122,
                                    "count": 33365,
                                    "self": 1.1311580995425174,
                                    "children": {
                                        "TorchPolicy.evaluate": {
                                            "total": 28.283280000512605,
                                            "count": 33365,
                                            "self": 28.283280000512605
                                        }
                                    }
                                },
                                "workers": {
                                    "total": 0.25263669927517185,
                                    "count": 33365,
                                    "self": 0.0,
                                    "children": {
                                        "worker_root": {
                                            "total": 226.37294009980542,
                                            "count": 33365,
                                            "is_parallel": true,
                                            "self": 134.3680670997419,
                                            "children": {
                                                "steps_from_proto": {
                                                    "total": 0.0003933000007236842,
                                                    "count": 1,
                                                    "is_parallel": true,
                                                    "self": 0.00014759999976377003,