{
    "name": "root",
    "gauges": {
        "MoveToGoal.Policy.Entropy.mean": {
            "value": 1.3594369888305664,
            "min": 1.3594369888305664,
            "max": 1.4187358617782593,
            "count": 10
        },
        "MoveToGoal.Policy.Entropy.sum": {
            "value": 67965.0546875,
            "min": 67965.0546875,
            "max": 71546.8515625,
            "count": 10
        },
        "MoveToGoal.Step.mean": {
            "value": 499998.0,
            "min": 49989.0,
            "max": 499998.0,
            "count": 10
        },
        "MoveToGoal.Step.sum": {
            "value": 499998.0,
            "min": 49989.0,
            "max": 499998.0,
            "count": 10
        },
        "MoveToGoal.Policy.ExtrinsicValueEstimate.mean": {
            "value": 0.005383782088756561,
            "min": -0.5655744075775146,
            "max": 0.07471071183681488,
            "count": 10
        },
        "MoveToGoal.Policy.ExtrinsicValueEstimate.sum": {
            "value": 5.389165878295898,
            "min": -549.7383422851562,
            "max": 74.56128692626953,
            "count": 10
        },
        "MoveToGoal.Environment.EpisodeLength.mean": {
            "value": 199.0,
            "min": 132.5788043478261,
            "max": 199.0,
            "count": 10
        },
        "MoveToGoal.Environment.EpisodeLength.sum": {
            "value": 49949.0,
            "min": 48789.0,
            "max": 49949.0,
            "count": 10
        },
        "MoveToGoal.Environment.CumulativeReward.mean": {
            "value": 0.0,
            "min": -0.8206521739130435,
            "max": 0.0,
            "count": 10
        },
        "MoveToGoal.Environment.CumulativeReward.sum": {
            "value": 0.0,
            "min": -302.0,
            "max": 0.0,
            "count": 10
        },
        "MoveToGoal.Policy.ExtrinsicReward.mean": {
            "value": 0.0,
            "min": -0.8206521739130435,
            "max": 0.0,
            "count": 10
        },
        "MoveToGoal.Policy.ExtrinsicReward.sum": {
            "value": 0.0,
            "min": -302.0,
            "max": 0.0,
            "count": 10
        },
        "MoveToGoal.Losses.PolicyLoss.mean": {
            "value": 0.023182854726910593,
            "min": 0.022378764168048897,
            "max": 0.027595815512662134,
            "count": 10
        },
        "MoveToGoal.Losses.PolicyLoss.sum": {
            "value": 0.11591427363455296,
            "min": 0.09891747181924682,
            "max": 0.12096618672755236,
            "count": 10
        },
        "MoveToGoal.Losses.ValueLoss.mean": {
            "value": 2.2736033853713397e-06,
            "min": 2.2736033853713397e-06,
            "max": 0.007866996458809202,
            "count": 10
        },
        "MoveToGoal.Losses.ValueLoss.sum": {
            "value": 1.13680169268567e-05,
            "min": 1.13680169268567e-05,
            "max": 0.03146798583523681,
            "count": 10
        },
        "MoveToGoal.Policy.LearningRate.mean": {
            "value": 1.6524814491760007e-05,
            "min": 1.6524814491760007e-05,
            "max": 0.0002845920051359999,
            "count": 10
        },
        "MoveToGoal.Policy.LearningRate.sum": {
            "value": 8.262407245880004e-05,
            "min": 8.262407245880004e-05,
            "max": 0.0012841530719489998,
            "count": 10
        },
        "MoveToGoal.Policy.Epsilon.mean": {
            "value": 0.10550824000000003,
            "min": 0.10550824000000003,
            "max": 0.194864,
            "count": 10
        },
        "MoveToGoal.Policy.Epsilon.sum": {
            "value": 0.5275412000000002,
            "min": 0.5000624,
            "max": 0.928051,
            "count": 10
        },
        "MoveToGoal.Policy.Beta.mean": {
            "value": 0.0002848611760000001,
            "min": 0.0002848611760000001,
            "max": 0.0047437136,
            "count": 10
        },
        "MoveToGoal.Policy.Beta.sum": {
            "value": 0.0014243058800000004,
            "min": 0.0014243058800000004,
            "max": 0.0214097449,
            "count": 10
        },
        "MoveToGoal.IsTraining.mean": {
            "value": 1.0,
            "min": 1.0,
            "max": 1.0,
            "count": 10
        },
        "MoveToGoal.IsTraining.sum": {
            "value": 1.0,
            "min": 1.0,
            "max": 1.0,
            "count": 10
        }
    },
    "metadata": {
        "timer_format_version": "0.1.0",
        "start_time_seconds": "1712002069",
        "python_version": "3.10.11 (tags/v3.10.11:7d4cc5a, Apr  5 2023, 00:38:17) [MSC v.1929 64 bit (AMD64)]",
        "command_line_arguments": "\\\\?\\C:\\Users\\X\\AppData\\Local\\Programs\\Python\\Python310\\Scripts\\mlagents-learn --run-id=2",
        "mlagents_version": "1.1.0.dev0",
        "mlagents_envs_version": "1.1.0.dev0",
        "communication_protocol_version": "1.5.0",
        "pytorch_version": "2.2.2+cpu",
        "numpy_version": "1.23.5",
        "end_time_seconds": "1712002296"
    },
    "total": 226.95421039999928,
    "count": 1,
    "self": 0.004406400010338984,
    "children": {
        "run_training.setup": {
            "total": 0.020975799998268485,
            "count": 1,
            "self": 0.020975799998268485
        },
        "TrainerController.start_learning": {
            "total": 226.92882819999068,
            "count": 1,
            "self": 0.4146114993200172,
            "children": {
                "TrainerController._reset_env": {
                    "total": 9.688234999994165,
                    "count": 1,
                    "self": 9.688234999994165
                },
                "TrainerController.advance": {
                    "total": 216.80310720067064,
                    "count": 35334,
                    "self": 0.3873138988565188,
                    "children": {
                        "env_step": {
                            "total": 129.07295609971334,
                            "count": 35334,
                            "self": 111.76098399999319,
                            "children": {
                                "SubprocessEnvManager._take_step": {
                                    "total": 17.041570999965188,
                                    "count": 35334,
                                    "self": 1.3704546003136784,
                                    "children": {
                                        "TorchPolicy.evaluate": {
                                            "total": 15.67111639965151,
                                            "count": 33367,
                                            "self": 15.67111639965151
                                        }
                                    }
                                },
                                "workers": {
                                    "total": 0.27040109975496307,
                                    "count": 35334,
                                    "self": 0.0,
                                    "children": {
                                        "worker_root": {
                                            "total": 217.29050650028512,
                                            "count": 35334,
                                            "is_parallel": true,
                                            "self": 129.19880159804597,
                                            "children": {
                                                "steps_from_proto": {
                                                    "total": 0.00043089999235235155,
                                                    "count": 1,
                                                    "is_parallel": true,
                                                    "self": 0.00014149998605716974,