{
    "name": "root",
    "gauges": {
        "AgentControl.Policy.Entropy.mean": {
            "value": 1.355655312538147,
            "min": 1.355655312538147,
            "max": 1.4193748235702515,
            "count": 10
        },
        "AgentControl.Policy.Entropy.sum": {
            "value": 67788.1875,
            "min": 67788.1875,
            "max": 71195.84375,
            "count": 10
        },
        "AgentControl.Environment.EpisodeLength.mean": {
            "value": 5.445289341409976,
            "min": 5.445289341409976,
            "max": 22.544726930320152,
            "count": 10
        },
        "AgentControl.Environment.EpisodeLength.sum": {
            "value": 42250.0,
            "min": 42250.0,
            "max": 47885.0,
            "count": 10
        },
        "AgentControl.Step.mean": {
            "value": 499999.0,
            "min": 49995.0,
            "max": 499999.0,
            "count": 10
        },
        "AgentControl.Step.sum": {
            "value": 499999.0,
            "min": 49995.0,
            "max": 499999.0,
            "count": 10
        },
        "AgentControl.Policy.ExtrinsicValueEstimate.mean": {
            "value": 9.646539688110352,
            "min": 0.6179146766662598,
            "max": 9.646539688110352,
            "count": 10
        },
        "AgentControl.Policy.ExtrinsicValueEstimate.sum": {
            "value": 74837.8515625,
            "min": 1356.32275390625,
            "max": 74837.8515625,
            "count": 10
        },
        "AgentControl.Environment.CumulativeReward.mean": {
            "value": 10.0,
            "min": 2.8073480923221856,
            "max": 10.0,
            "count": 10
        },
        "AgentControl.Environment.CumulativeReward.sum": {
            "value": 77580.0,
            "min": 5960.0,
            "max": 77580.0,
            "count": 10
        },
        "AgentControl.Policy.ExtrinsicReward.mean": {
            "value": 10.0,
            "min": 2.8073480923221856,
            "max": 10.0,
            "count": 10
        },
        "AgentControl.Policy.ExtrinsicReward.sum": {
            "value": 77580.0,
            "min": 5960.0,
            "max": 77580.0,
            "count": 10
        },
        "AgentControl.Losses.PolicyLoss.mean": {
            "value": 0.023237979762877024,
            "min": 0.021406877726840322,
            "max": 0.02636078208581457,
            "count": 10
        },
        "AgentControl.Losses.PolicyLoss.sum": {
            "value": 0.11618989881438513,
            "min": 0.10233293295508095,
            "max": 0.12967700916406102,
            "count": 10
        },
        "AgentControl.Losses.ValueLoss.mean": {
            "value": 0.13319390525420507,
            "min": 0.13319390525420507,
            "max": 13.271502594153086,
            "count": 10
        },
        "AgentControl.Losses.ValueLoss.sum": {
            "value": 0.6659695262710253,
            "min": 0.543890298406283,
            "max": 53.08601037661234,
            "count": 10
        },
        "AgentControl.Policy.LearningRate.mean": {
            "value": 1.71444942852e-05,
            "min": 1.71444942852e-05,
            "max": 0.0002846082051306,
            "count": 10
        },
        "AgentControl.Policy.LearningRate.sum": {
            "value": 8.5722471426e-05,
            "min": 8.5722471426e-05,
            "max": 0.0012846282717906,
            "count": 10
        },
        "AgentControl.Policy.Epsilon.mean": {
            "value": 0.10571480000000003,
            "min": 0.10571480000000003,
            "max": 0.1948694,
            "count": 10
        },
        "AgentControl.Policy.Epsilon.sum": {
            "value": 0.5285740000000001,
            "min": 0.45974839999999995,
            "max": 0.9282094,
            "count": 10
        },
        "AgentControl.Policy.Beta.mean": {
            "value": 0.0002951685200000001,
            "min": 0.0002951685200000001,
            "max": 0.004743983059999999,
            "count": 10
        },
        "AgentControl.Policy.Beta.sum": {
            "value": 0.0014758426000000004,
            "min": 0.0014758426000000004,
            "max": 0.02141764906,
            "count": 10
        },
        "AgentControl.IsTraining.mean": {
            "value": 1.0,
            "min": 1.0,
            "max": 1.0,
            "count": 10
        },
        "AgentControl.IsTraining.sum": {
            "value": 1.0,
            "min": 1.0,
            "max": 1.0,
            "count": 10
        }
    },
    "metadata": {
        "timer_format_version": "0.1.0",
        "start_time_seconds": "1712089395",
        "python_version": "3.8.8 (tags/v3.8.8:024d805, Feb 19 2021, 13:18:16) [MSC v.1928 64 bit (AMD64)]",
        "command_line_arguments": "C:\\Dev\\Unity_ML-Agents\\V2\\MLENV\\Scripts\\mlagents-learn --run-id=Simple6",
        "mlagents_version": "0.29.0",
        "mlagents_envs_version": "0.29.0",
        "communication_protocol_version": "1.5.0",
        "pytorch_version": "2.2.2+cpu",
        "numpy_version": "1.21.2",
        "end_time_seconds": "1712089748"
    },
    "total": 353.7290986,
    "count": 1,
    "self": 0.01057769999994207,
    "children": {
        "run_training.setup": {
            "total": 0.01919880000000007,
            "count": 1,
            "self": 0.01919880000000007
        },
        "TrainerController.start_learning": {
            "total": 353.6993221,
            "count": 1,
            "self": 0.9747199999999907,
            "children": {
                "TrainerController._reset_env": {
                    "total": 25.70296,
                    "count": 1,
                    "self": 25.70296
                },
                "TrainerController.advance": {
                    "total": 326.9893609,
                    "count": 83845,
                    "self": 0.8124513000053071,
                    "children": {
                        "env_step": {
                            "total": 222.71094019999578,
                            "count": 83845,
                            "self": 189.66214880000064,
                            "children": {
                                "SubprocessEnvManager._take_step": {
                                    "total": 32.49464279999788,
                                    "count": 83845,
                                    "self": 1.510502899994485,
                                    "children": {
                                        "TorchPolicy.evaluate": {
                                            "total": 30.98413990000339,
                                            "count": 41670,
                                            "self": 7.042906000004066,
                                            "children": {
                                                "TorchPolicy.sample_actions": {
                                                    "total": 23.941233899999325,
                                                    "count": 41670,
                                                    "self": 23.941233899999325
                                                }
                                            }
                                        }
                                    }
                                },
                                "workers": {
                                    "total": 0.5541485999972764,
                                    "count": 83845,
                                    "self": 0.0,
                                    "children": {
                                        "worker_root": {
                                            "total": 327.315561999997,
                                            "count": 83845,
                                            "is_parallel": true,
                                            "self": 179.62072309999272,