{
    "name": "root",
    "gauges": {
        "AgentControl.Policy.Entropy.mean": {
            "value": 1.4227166175842285,
            "min": 1.4215909242630005,
            "max": 1.4305689334869385,
            "count": 10
        },
        "AgentControl.Policy.Entropy.sum": {
            "value": 71022.015625,
            "min": 71022.015625,
            "max": 71716.421875,
            "count": 10
        },
        "AgentControl.Step.mean": {
            "value": 499942.0,
            "min": 49998.0,
            "max": 499942.0,
            "count": 10
        },
        "AgentControl.Step.sum": {
            "value": 499942.0,
            "min": 49998.0,
            "max": 499942.0,
            "count": 10
        },
        "AgentControl.Policy.ExtrinsicValueEstimate.mean": {
            "value": 0.017971733585000038,
            "min": -0.22198832035064697,
            "max": 0.11976015567779541,
            "count": 10
        },
        "AgentControl.Policy.ExtrinsicValueEstimate.sum": {
            "value": 14.035923957824707,
            "min": -174.26083374023438,
            "max": 93.77220153808594,
            "count": 10
        },
        "AgentControl.Losses.PolicyLoss.mean": {
            "value": 0.025188390902900815,
            "min": 0.021102995180456975,
            "max": 0.025188390902900815,
            "count": 10
        },
        "AgentControl.Losses.PolicyLoss.sum": {
            "value": 0.12594195451450407,
            "min": 0.09488337144527274,
            "max": 0.12594195451450407,
            "count": 10
        },
        "AgentControl.Losses.ValueLoss.mean": {
            "value": 0.00016479052433472437,
            "min": 6.828790522680114e-06,
            "max": 0.21518940906915002,
            "count": 10
        },
        "AgentControl.Losses.ValueLoss.sum": {
            "value": 0.0008239526216736218,
            "min": 3.414395261340057e-05,
            "max": 1.07594704534575,
            "count": 10
        },
        "AgentControl.Policy.LearningRate.mean": {
            "value": 1.383585538808e-05,
            "min": 1.383585538808e-05,
            "max": 0.00028401135532955005,
            "count": 10
        },
        "AgentControl.Policy.LearningRate.sum": {
            "value": 6.91792769404e-05,
            "min": 6.91792769404e-05,
            "max": 0.0012794010735329999,
            "count": 10
        },
        "AgentControl.Policy.Epsilon.mean": {
            "value": 0.10461192,
            "min": 0.10461192,
            "max": 0.19467045000000002,
            "count": 10
        },
        "AgentControl.Policy.Epsilon.sum": {
            "value": 0.5230596,
            "min": 0.5230596,
            "max": 0.9264670000000002,
            "count": 10
        },
        "AgentControl.Policy.Beta.mean": {
            "value": 0.000240134808,
            "min": 0.000240134808,
            "max": 0.004734055455,
            "count": 10
        },
        "AgentControl.Policy.Beta.sum": {
            "value": 0.00120067404,
            "min": 0.00120067404,
            "max": 0.021330703299999997,
            "count": 10
        },
        "AgentControl.Environment.EpisodeLength.mean": {
            "value": 256.1578947368421,
            "min": 256.1578947368421,
            "max": 23365.5,
            "count": 7
        },
        "AgentControl.Environment.EpisodeLength.sum": {
            "value": 4867.0,
            "min": 4867.0,
            "max": 46731.0,
            "count": 7
        },
        "AgentControl.Environment.CumulativeReward.mean": {
            "value": 10.0,
            "min": -5.0,
            "max": 10.0,
            "count": 7
        },
        "AgentControl.Environment.CumulativeReward.sum": {
            "value": 190.0,
            "min": -35.0,
            "max": 190.0,
            "count": 7
        },
        "AgentControl.Policy.ExtrinsicReward.mean": {
            "value": 10.0,
            "min": -5.0,
            "max": 10.0,
            "count": 7
        },
        "AgentControl.Policy.ExtrinsicReward.sum": {
            "value": 190.0,
            "min": -35.0,
            "max": 190.0,
            "count": 7
        },
        "AgentControl.IsTraining.mean": {
            "value": 1.0,
            "min": 1.0,
            "max": 1.0,
            "count": 10
        },
        "AgentControl.IsTraining.sum": {
            "value": 1.0,
            "min": 1.0,
            "max": 1.0,
            "count": 10
        }
    },
    "metadata": {
        "timer_format_version": "0.1.0",
        "start_time_seconds": "1712100389",
        "python_version": "3.10.11 (tags/v3.10.11:7d4cc5a, Apr  5 2023, 00:38:17) [MSC v.1929 64 bit (AMD64)]",
        "command_line_arguments": "\\\\?\\C:\\Users\\X\\AppData\\Local\\Programs\\Python\\Python310\\Scripts\\mlagents-learn --run-id=Simple9",
        "mlagents_version": "1.1.0.dev0",
        "mlagents_envs_version": "1.1.0.dev0",
        "communication_protocol_version": "1.5.0",
        "pytorch_version": "2.2.2+cpu",
        "numpy_version": "1.23.5",
        "end_time_seconds": "1712100618"
    },
    "total": 229.6438573999999,
    "count": 1,
    "self": 0.005530899999484973,
    "children": {
        "run_training.setup": {
            "total": 0.02192460000014762,
            "count": 1,
            "self": 0.02192460000014762
        },
        "TrainerController.start_learning": {
            "total": 229.61640190000026,
            "count": 1,
            "self": 0.442788899975767,
            "children": {
                "TrainerController._reset_env": {
                    "total": 11.649071800000002,
                    "count": 1,
                    "self": 11.649071800000002
                },
                "TrainerController.advance": {
                    "total": 217.48535530002437,
                    "count": 41724,
                    "self": 0.3955876000950411,
                    "children": {
                        "env_step": {
                            "total": 149.1178848999648,
                            "count": 41724,
                            "self": 115.69298599994454,
                            "children": {
                                "SubprocessEnvManager._take_step": {
                                    "total": 33.1443221999275,
                                    "count": 41725,
                                    "self": 1.9748605999016036,
                                    "children": {
                                        "TorchPolicy.evaluate": {
                                            "total": 31.169461600025897,
                                            "count": 41725,
                                            "self": 31.169461600025897
                                        }
                                    }
                                },
                                "workers": {
                                    "total": 0.2805767000927517,
                                    "count": 41724,
                                    "self": 0.0,
                                    "children": {
                                        "worker_root": {
                                            "total": 191.54415869990407,
                                            "count": 41724,
                                            "is_parallel": true,
                                            "self": 127.58596469987742,
                                            "children": {
                                                "steps_from_proto": {
                                                    "total": 0.000776299999870389,
                                                    "count": 2,
                                                    "is_parallel": true,
                                                    "self": 0.000401799999508512,