{
    "name": "root",
    "metadata": {
        "timer_format_version": "0.1.0",
        "start_time_seconds": "1712003317",
        "python_version": "3.10.11 (tags/v3.10.11:7d4cc5a, Apr  5 2023, 00:38:17) [MSC v.1929 64 bit (AMD64)]",
        "command_line_arguments": "\\\\?\\C:\\Users\\X\\AppData\\Local\\Programs\\Python\\Python310\\Scripts\\mlagents-learn --run-id=5",
        "mlagents_version": "1.1.0.dev0",
        "mlagents_envs_version": "1.1.0.dev0",
        "communication_protocol_version": "1.5.0",
        "pytorch_version": "2.2.2+cpu",
        "numpy_version": "1.23.5",
        "end_time_seconds": "1712003490"
    },
    "total": 172.40619480000169,
    "count": 1,
    "self": 0.006611799995880574,
    "children": {
        "run_training.setup": {
            "total": 0.024240900005679578,
            "count": 1,
            "self": 0.024240900005679578
        },
        "TrainerController.start_learning": {
            "total": 172.37534210000013,
            "count": 1,
            "self": 0.022888400126248598,
            "children": {
                "TrainerController._reset_env": {
                    "total": 8.450515699994867,
                    "count": 1,
                    "self": 8.450515699994867
                },
                "TrainerController.advance": {
                    "total": 75.24663549987599,
                    "count": 2050,
                    "self": 0.022426600713515654,
                    "children": {
                        "env_step": {
                            "total": 72.5363448998105,
                            "count": 2050,
                            "self": 71.46766889939317,
                            "children": {
                                "SubprocessEnvManager._take_step": {
                                    "total": 1.053388499916764,
                                    "count": 2050,
                                    "self": 0.07889639963104855,
                                    "children": {
                                        "TorchPolicy.evaluate": {
                                            "total": 0.9744921002857154,
                                            "count": 2007,
                                            "self": 0.9744921002857154
                                        }
                                    }
                                },
                                "workers": {
                                    "total": 0.0152875005005626,
                                    "count": 2049,
                                    "self": 0.0,
                                    "children": {
                                        "worker_root": {
                                            "total": 11.536889699986205,
                                            "count": 2049,
                                            "is_parallel": true,
                                            "self": 5.826422199927038,
                                            "children": {
                                                "steps_from_proto": {
                                                    "total": 0.00023030000738799572,
                                                    "count": 1,
                                                    "is_parallel": true,
                                                    "self": 7.069999992381781e-05,
                                                    "children": {
                                                        "_process_rank_one_or_two_observation": {
                                                            "total": 0.0001596000074641779,
                                                            "count": 2,
                                                            "is_parallel": true,
                                                            "self": 0.0001596000074641779
                                                        }
                                                    }
                                                },
                                                "UnityEnvironment.step": {
                                                    "total": 5.710237200051779,
                                                    "count": 2049,
                                                    "is_parallel": true,
                                                    "self": 0.13710760058893356,
                                                    "children": {
                                                        "UnityEnvironment._generate_step_input": {
                                                            "total": 0.22789499977079686,
                                                            "count": 2049,
                                                            "is_parallel": true,
                                                            "self": 0.22789499977079686
                                                        },
                                                        "communicator.exchange": {
                                                            "total": 5.043847799752257,
                                                            "count": 2049,
                                                            "is_parallel": true,
                                                            "self": 5.043847799752257
                                                        },
                                                        "steps_from_proto": {
                                                            "total": 0.30138679993979167,
                                                            "count": 2049,
                                                            "is_parallel": true,
                                                            "self": 0.10690779947617557,
                                                            "children": {
                                                                "_process_rank_one_or_two_observation": {
                                                                    "total": 0.1944790004636161,
                                                                    "count": 4098,
                                                                    "is_parallel": true,
                                                                    "self": 0.1944790004636161
                                                                }
                                                            }
                                                        }
                                                    }
                                                }
                                            }
                                        }
                                    }
                                }
                            }
                        },
                        "trainer_advance": {
                            "total": 2.6878639993519755,
                            "count": 2049,
                            "self": 0.030870599279296584,
                            "children": {
                                "process_trajectory": {
                                    "total": 1.0132898000592832,
                                    "count": 2049,
                                    "self": 1.0132898000592832
                                },
                                "_update_policy": {
                                    "total": 1.6437036000133958,
                                    "count": 2,
                                    "self": 1.1228736999328248,
                                    "children": {
                                        "TorchPPOOptimizer.update": {
                                            "total": 0.520829900080571,
                                            "count": 60,