{
    "name": "root",
    "metadata": {
        "timer_format_version": "0.1.0",
        "start_time_seconds": "1711983351",
        "python_version": "3.10.11 (tags/v3.10.11:7d4cc5a, Apr  5 2023, 00:38:17) [MSC v.1929 64 bit (AMD64)]",
        "command_line_arguments": "\\\\?\\C:\\Users\\X\\AppData\\Local\\Programs\\Python\\Python310\\Scripts\\mlagents-learn training_config.yaml --run-id=11",
        "mlagents_version": "1.1.0.dev0",
        "mlagents_envs_version": "1.1.0.dev0",
        "communication_protocol_version": "1.5.0",
        "pytorch_version": "2.2.2+cpu",
        "numpy_version": "1.23.5",
        "end_time_seconds": "1711983477"
    },
    "total": 126.36138979999669,
    "count": 1,
    "self": 0.0035392999998293817,
    "children": {
        "run_training.setup": {
            "total": 0.08234019999508746,
            "count": 1,
            "self": 0.08234019999508746
        },
        "TrainerController.start_learning": {
            "total": 126.27551030000177,
            "count": 1,
            "self": 9.14999982342124e-05,
            "children": {
                "TrainerController._reset_env": {
                    "total": 39.015470000005735,
                    "count": 1,
                    "self": 39.015470000005735
                },
                "TrainerController.advance": {
                    "total": 87.17003670000122,
                    "count": 1,
                    "self": 1.6199999663513154e-05,
                    "children": {
                        "env_step": {
                            "total": 87.17002050000156,
                            "count": 1,
                            "self": 87.17001629999868,
                            "children": {
                                "SubprocessEnvManager._take_step": {
                                    "total": 4.2000028770416975e-06,
                                    "count": 1,
                                    "self": 4.2000028770416975e-06
                                }
                            }
                        }
                    }
                },
                "TrainerController._save_models": {
                    "total": 0.08991209999658167,
                    "count": 1,
                    "self": 0.009605199993529823,
                    "children": {
                        "RLTrainer._checkpoint": {
                            "total": 0.08030690000305185,
                            "count": 1,
                            "self": 0.08030690000305185
                        }
                    }
                }
            }
        }
    }
}