{
    "name": "root",
    "gauges": {
        "AgentControl.Policy.Entropy.mean": {
            "value": 1.439746379852295,
            "min": 1.4227237701416016,
            "max": 1.441871166229248,
            "count": 10
        },
        "AgentControl.Policy.Entropy.sum": {
            "value": 71872.140625,
            "min": 71284.875,
            "max": 72259.375,
            "count": 10
        },
        "AgentControl.Step.mean": {
            "value": 499976.0,
            "min": 49985.0,
            "max": 499976.0,
            "count": 10
        },
        "AgentControl.Step.sum": {
            "value": 499976.0,
            "min": 49985.0,
            "max": 499976.0,
            "count": 10
        },
        "AgentControl.Policy.ExtrinsicValueEstimate.mean": {
            "value": 8.601685523986816,
            "min": 0.21295809745788574,
            "max": 8.601685523986816,
            "count": 10
        },
        "AgentControl.Policy.ExtrinsicValueEstimate.sum": {
            "value": 16128.16015625,
            "min": 173.56085205078125,
            "max": 16128.16015625,
            "count": 10
        },
        "AgentControl.Environment.EpisodeLength.mean": {
            "value": 27.01040525739321,
            "min": 27.01040525739321,
            "max": 618.955223880597,
            "count": 10
        },
        "AgentControl.Environment.EpisodeLength.sum": {
            "value": 49321.0,
            "min": 41470.0,
            "max": 58390.0,
            "count": 10
        },
        "AgentControl.Environment.CumulativeReward.mean": {
            "value": 10.0,
            "min": 0.14925373134328357,
            "max": 10.0,
            "count": 10
        },
        "AgentControl.Environment.CumulativeReward.sum": {
            "value": 18260.0,
            "min": 10.0,
            "max": 18260.0,
            "count": 10
        },
        "AgentControl.Policy.ExtrinsicReward.mean": {
            "value": 10.0,
            "min": 0.14925373134328357,
            "max": 10.0,
            "count": 10
        },
        "AgentControl.Policy.ExtrinsicReward.sum": {
            "value": 18260.0,
            "min": 10.0,
            "max": 18260.0,
            "count": 10
        },
        "AgentControl.Losses.PolicyLoss.mean": {
            "value": 0.023328982756429466,
            "min": 0.022094947137035588,
            "max": 0.027152322013862428,
            "count": 10
        },
        "AgentControl.Losses.PolicyLoss.sum": {
            "value": 0.11664491378214732,
            "min": 0.08837978854814235,
            "max": 0.13576161006931214,
            "count": 10
        },
        "AgentControl.Losses.ValueLoss.mean": {
            "value": 0.25417802155017855,
            "min": 0.25417802155017855,
            "max": 1.7961290550231932,
            "count": 10
        },
        "AgentControl.Losses.ValueLoss.sum": {
            "value": 1.2708901077508927,
            "min": 1.1338372722268104,
            "max": 8.980645275115966,
            "count": 10
        },
        "AgentControl.Policy.LearningRate.mean": {
            "value": 1.6657894447399996e-05,
            "min": 1.6657894447399996e-05,
            "max": 0.00028457025514325,
            "count": 10
        },
        "AgentControl.Policy.LearningRate.sum": {
            "value": 8.328947223699997e-05,
            "min": 8.328947223699997e-05,
            "max": 0.0012841548719483998,
            "count": 10
        },
        "AgentControl.Policy.Epsilon.mean": {
            "value": 0.1055526,
            "min": 0.1055526,
            "max": 0.19485675000000005,
            "count": 10
        },
        "AgentControl.Policy.Epsilon.sum": {
            "value": 0.527763,
            "min": 0.5001546000000001,
            "max": 0.9280516000000002,
            "count": 10
        },
        "AgentControl.Policy.Beta.mean": {
            "value": 0.00028707474,
            "min": 0.00028707474,
            "max": 0.004743351825,
            "count": 10
        },
        "AgentControl.Policy.Beta.sum": {
            "value": 0.0014353736999999998,
            "min": 0.0014353736999999998,
            "max": 0.02140977484,
            "count": 10
        },
        "AgentControl.IsTraining.mean": {
            "value": 1.0,
            "min": 1.0,
            "max": 1.0,
            "count": 10
        },
        "AgentControl.IsTraining.sum": {
            "value": 1.0,
            "min": 1.0,
            "max": 1.0,
            "count": 10
        }
    },
    "metadata": {
        "timer_format_version": "0.1.0",
        "start_time_seconds": "1712087098",
        "python_version": "3.8.8 (tags/v3.8.8:024d805, Feb 19 2021, 13:18:16) [MSC v.1928 64 bit (AMD64)]",
        "command_line_arguments": "C:\\Dev\\Unity_ML-Agents\\V2\\MLENV\\Scripts\\mlagents-learn --run-id=Simple4",
        "mlagents_version": "0.29.0",
        "mlagents_envs_version": "0.29.0",
        "communication_protocol_version": "1.5.0",
        "pytorch_version": "2.2.2+cpu",
        "numpy_version": "1.21.2",
        "end_time_seconds": "1712087343"
    },
    "total": 245.23568780000002,
    "count": 1,
    "self": 0.006801100000046745,
    "children": {
        "run_training.setup": {
            "total": 0.017577500000000024,
            "count": 1,
            "self": 0.017577500000000024
        },
        "TrainerController.start_learning": {
            "total": 245.2113092,
            "count": 1,
            "self": 0.4704493000018317,
            "children": {
                "TrainerController._reset_env": {
                    "total": 11.5620969,
                    "count": 1,
                    "self": 11.5620969
                },
                "TrainerController.advance": {
                    "total": 233.14836699999816,
                    "count": 41895,
                    "self": 0.43249939999938647,
                    "children": {
                        "env_step": {
                            "total": 155.61242779999776,
                            "count": 41895,
                            "self": 128.1676565999974,
                            "children": {
                                "SubprocessEnvManager._take_step": {
                                    "total": 27.157353899999396,
                                    "count": 41895,
                                    "self": 1.1890545999982116,
                                    "children": {
                                        "TorchPolicy.evaluate": {
                                            "total": 25.968299300001185,
                                            "count": 33346,
                                            "self": 5.877721400002564,
                                            "children": {
                                                "TorchPolicy.sample_actions": {
                                                    "total": 20.09057789999862,
                                                    "count": 33346,
                                                    "self": 20.09057789999862
                                                }
                                            }
                                        }
                                    }
                                },
                                "workers": {
                                    "total": 0.2874173000009552,
                                    "count": 41895,
                                    "self": 0.0,
                                    "children": {
                                        "worker_root": {
                                            "total": 233.49042750000135,
                                            "count": 41895,
                                            "is_parallel": true,
                                            "self": 131.31575570000132,