{
    "name": "root",
    "gauges": {
        "AgentControl.Policy.Entropy.mean": {
            "value": 1.4126800298690796,
            "min": 1.4087071418762207,
            "max": 1.4228979349136353,
            "count": 6
        },
        "AgentControl.Policy.Entropy.sum": {
            "value": 70520.984375,
            "min": 70520.984375,
            "max": 71611.609375,
            "count": 6
        },
        "AgentControl.Step.mean": {
            "value": 299969.0,
            "min": 49981.0,
            "max": 299969.0,
            "count": 6
        },
        "AgentControl.Step.sum": {
            "value": 299969.0,
            "min": 49981.0,
            "max": 299969.0,
            "count": 6
        },
        "AgentControl.Policy.ExtrinsicValueEstimate.mean": {
            "value": 0.08044414967298508,
            "min": 0.059251781553030014,
            "max": 0.34032347798347473,
            "count": 6
        },
        "AgentControl.Policy.ExtrinsicValueEstimate.sum": {
            "value": 62.826881408691406,
            "min": 46.51264953613281,
            "max": 265.7926330566406,
            "count": 6
        },
        "AgentControl.Environment.EpisodeLength.mean": {
            "value": 202.33333333333334,
            "min": 202.33333333333334,
            "max": 541.5434782608696,
            "count": 2
        },
        "AgentControl.Environment.EpisodeLength.sum": {
            "value": 1214.0,
            "min": 1214.0,
            "max": 24911.0,
            "count": 2
        },
        "AgentControl.Environment.CumulativeReward.mean": {
            "value": -5.0,
            "min": -5.0,
            "max": -4.021739130434782,
            "count": 2
        },
        "AgentControl.Environment.CumulativeReward.sum": {
            "value": -30.0,
            "min": -185.0,
            "max": -30.0,
            "count": 2
        },
        "AgentControl.Policy.ExtrinsicReward.mean": {
            "value": -5.0,
            "min": -5.0,
            "max": -4.021739130434782,
            "count": 2
        },
        "AgentControl.Policy.ExtrinsicReward.sum": {
            "value": -30.0,
            "min": -185.0,
            "max": -30.0,
            "count": 2
        },
        "AgentControl.Losses.PolicyLoss.mean": {
            "value": 0.023867211855273733,
            "min": 0.02197026425303193,
            "max": 0.02622265759069705,
            "count": 6
        },
        "AgentControl.Losses.PolicyLoss.sum": {
            "value": 0.09546884742109493,
            "min": 0.0941908369633893,
            "max": 0.13111328795348526,
            "count": 6
        },
        "AgentControl.Losses.ValueLoss.mean": {
            "value": 0.00034911504917545244,
            "min": 8.505184310100352e-05,
            "max": 0.2222602275510629,
            "count": 6
        },
        "AgentControl.Losses.ValueLoss.sum": {
            "value": 0.0013964601967018098,
            "min": 0.0004252592155050176,
            "max": 0.8890409102042516,
            "count": 6
        },
        "AgentControl.Policy.LearningRate.mean": {
            "value": 0.0001350714549762,
            "min": 0.0001350714549762,
            "max": 0.00028451955516014995,
            "count": 6
        },
        "AgentControl.Policy.LearningRate.sum": {
            "value": 0.0005402858199048,
            "min": 0.0005402858199048,
            "max": 0.0012836250721249996,
            "count": 6
        },
        "AgentControl.Policy.Epsilon.mean": {
            "value": 0.14502380000000004,
            "min": 0.14502380000000004,
            "max": 0.19483985000000004,
            "count": 6
        },
        "AgentControl.Policy.Epsilon.sum": {
            "value": 0.5800952000000001,
            "min": 0.5800952000000001,
            "max": 0.9278750000000001,
            "count": 6
        },
        "AgentControl.Policy.Beta.mean": {
            "value": 0.0022566876200000004,
            "min": 0.0022566876200000004,
            "max": 0.004742508514999999,
            "count": 6
        },
        "AgentControl.Policy.Beta.sum": {
            "value": 0.009026750480000002,
            "min": 0.009026750480000002,
            "max": 0.0214009625,
            "count": 6
        },
        "AgentControl.IsTraining.mean": {
            "value": 1.0,
            "min": 1.0,
            "max": 1.0,
            "count": 6
        },
        "AgentControl.IsTraining.sum": {
            "value": 1.0,
            "min": 1.0,
            "max": 1.0,
            "count": 6
        }
    },
    "metadata": {
        "timer_format_version": "0.1.0",
        "start_time_seconds": "1712100759",
        "python_version": "3.10.11 (tags/v3.10.11:7d4cc5a, Apr  5 2023, 00:38:17) [MSC v.1929 64 bit (AMD64)]",
        "command_line_arguments": "\\\\?\\C:\\Users\\X\\AppData\\Local\\Programs\\Python\\Python310\\Scripts\\mlagents-learn --run-id=Simple10",
        "mlagents_version": "1.1.0.dev0",
        "mlagents_envs_version": "1.1.0.dev0",
        "communication_protocol_version": "1.5.0",
        "pytorch_version": "2.2.2+cpu",
        "numpy_version": "1.23.5",
        "end_time_seconds": "1712100922"
    },
    "total": 163.48027809999985,
    "count": 1,
    "self": 10.003822699999546,
    "children": {
        "run_training.setup": {
            "total": 0.021076799999718787,
            "count": 1,
            "self": 0.021076799999718787
        },
        "TrainerController.start_learning": {
            "total": 153.45537860000059,
            "count": 1,
            "self": 0.33158369999819115,
            "children": {
                "TrainerController._reset_env": {
                    "total": 9.178249300000061,
                    "count": 1,
                    "self": 9.178249300000061
                },
                "TrainerController.advance": {
                    "total": 143.8716142000021,
                    "count": 29133,
                    "self": 0.31064950004656566,
                    "children": {
                        "env_step": {
                            "total": 96.05454780002128,
                            "count": 29133,
                            "self": 71.35822210003971,
                            "children": {
                                "SubprocessEnvManager._take_step": {
                                    "total": 24.48815749993264,
                                    "count": 29134,
                                    "self": 1.3333476999750928,
                                    "children": {
                                        "TorchPolicy.evaluate": {
                                            "total": 23.154809799957548,
                                            "count": 29134,
                                            "self": 23.154809799957548
                                        }
                                    }
                                },
                                "workers": {
                                    "total": 0.20816820004893088,
                                    "count": 29132,
                                    "self": 0.0,
                                    "children": {
                                        "worker_root": {
                                            "total": 136.61761610004396,
                                            "count": 29132,
                                            "is_parallel": true,
                                            "self": 91.46433579997574,
                                            "children": {
                                                "steps_from_proto": {
                                                    "total": 0.0005404999992606463,
                                                    "count": 2,
                                                    "is_parallel": true,
                                                    "self": 0.00025289999939559493,