{
    "name": "root",
    "metadata": {
        "timer_format_version": "0.1.0",
        "start_time_seconds": "1711983694",
        "python_version": "3.10.11 (tags/v3.10.11:7d4cc5a, Apr  5 2023, 00:38:17) [MSC v.1929 64 bit (AMD64)]",
        "command_line_arguments": "\\\\?\\C:\\Users\\X\\AppData\\Local\\Programs\\Python\\Python310\\Scripts\\mlagents-learn training_config.yaml --run-id=12",
        "mlagents_version": "1.1.0.dev0",
        "mlagents_envs_version": "1.1.0.dev0",
        "communication_protocol_version": "1.5.0",
        "pytorch_version": "2.2.2+cpu",
        "numpy_version": "1.23.5",
        "end_time_seconds": "1711983761"
    },
    "total": 67.2068184000018,
    "count": 1,
    "self": 10.00376210000104,
    "children": {
        "run_training.setup": {
            "total": 0.05913439999858383,
            "count": 1,
            "self": 0.05913439999858383
        },
        "TrainerController.start_learning": {
            "total": 57.14392190000217,
            "count": 1,
            "self": 0.0010687000103644095,
            "children": {
                "TrainerController._reset_env": {
                    "total": 10.685553299997991,
                    "count": 1,
                    "self": 10.685553299997991
                },
                "TrainerController.advance": {
                    "total": 46.39415819999704,
                    "count": 1,
                    "self": 1.2299999070819467e-05,
                    "children": {
                        "env_step": {
                            "total": 46.394145899997966,
                            "count": 1,
                            "self": 46.39413239998976,
                            "children": {
                                "SubprocessEnvManager._take_step": {
                                    "total": 1.3500008208211511e-05,
                                    "count": 2,
                                    "self": 1.3500008208211511e-05
                                }
                            }
                        }
                    }
                },
                "trainer_threads": {
                    "total": 5.999972927384079e-07,
                    "count": 1,
                    "self": 5.999972927384079e-07
                },
                "TrainerController._save_models": {
                    "total": 0.06314109999948414,
                    "count": 1,
                    "self": 0.0067766999927698635,
                    "children": {
                        "RLTrainer._checkpoint": {
                            "total": 0.05636440000671428,
                            "count": 1,
                            "self": 0.05636440000671428
                        }
                    }
                }
            }
        }
    }
}