{
    "name": "root",
    "gauges": {
        "MoveToGoal.Policy.Entropy.mean": {
            "value": 1.3962770700454712,
            "min": 1.3962770700454712,
            "max": 1.4126583337783813,
            "count": 5
        },
        "MoveToGoal.Policy.Entropy.sum": {
            "value": 69785.9296875,
            "min": 69464.6953125,
            "max": 73062.6875,
            "count": 5
        },
        "MoveToGoal.Step.mean": {
            "value": 249937.0,
            "min": 49969.0,
            "max": 249937.0,
            "count": 5
        },
        "MoveToGoal.Step.sum": {
            "value": 249937.0,
            "min": 49969.0,
            "max": 249937.0,
            "count": 5
        },
        "MoveToGoal.Policy.ExtrinsicValueEstimate.mean": {
            "value": 0.27545297145843506,
            "min": 0.20639808475971222,
            "max": 1.8889747858047485,
            "count": 5
        },
        "MoveToGoal.Policy.ExtrinsicValueEstimate.sum": {
            "value": 274.3511657714844,
            "min": 205.15969848632812,
            "max": 1749.190673828125,
            "count": 5
        },
        "MoveToGoal.Environment.EpisodeLength.mean": {
            "value": 198.0235294117647,
            "min": 190.83703703703705,
            "max": 199.0,
            "count": 5
        },
        "MoveToGoal.Environment.EpisodeLength.sum": {
            "value": 50496.0,
            "min": 47745.0,
            "max": 51526.0,
            "count": 5
        },
        "MoveToGoal.Environment.CumulativeReward.mean": {
            "value": -0.07450980392156863,
            "min": -0.5703703703703704,
            "max": 0.0,
            "count": 5
        },
        "MoveToGoal.Environment.CumulativeReward.sum": {
            "value": -19.0,
            "min": -154.0,
            "max": 0.0,
            "count": 5
        },
        "MoveToGoal.Policy.ExtrinsicReward.mean": {
            "value": -0.07450980392156863,
            "min": -0.5703703703703704,
            "max": 0.0,
            "count": 5
        },
        "MoveToGoal.Policy.ExtrinsicReward.sum": {
            "value": -19.0,
            "min": -154.0,
            "max": 0.0,
            "count": 5
        },
        "MoveToGoal.Losses.PolicyLoss.mean": {
            "value": 0.023650467551002897,
            "min": 0.023650467551002897,
            "max": 0.02788067890020708,
            "count": 5
        },
        "MoveToGoal.Losses.PolicyLoss.sum": {
            "value": 0.09460187020401159,
            "min": 0.09460187020401159,
            "max": 0.12678596625725427,
            "count": 5
        },
        "MoveToGoal.Losses.ValueLoss.mean": {
            "value": 0.005662547414006743,
            "min": 0.00365869275915126,
            "max": 0.11004882782076794,
            "count": 5
        },
        "MoveToGoal.Losses.ValueLoss.sum": {
            "value": 0.022650189656026973,
            "min": 0.0182934637957563,
            "max": 0.5502441391038397,
            "count": 5
        },
        "MoveToGoal.Policy.LearningRate.mean": {
            "value": 0.00016489849503385,
            "min": 0.00016489849503385,
            "max": 0.00028355250548250005,
            "count": 5
        },
        "MoveToGoal.Policy.LearningRate.sum": {
            "value": 0.0006595939801354,
            "min": 0.0006595939801354,
            "max": 0.0012720174759941999,
            "count": 5
        },
        "MoveToGoal.Policy.Epsilon.mean": {
            "value": 0.15496615000000002,
            "min": 0.15496615000000002,
            "max": 0.1945175,
            "count": 5
        },
        "MoveToGoal.Policy.Epsilon.sum": {
            "value": 0.6198646000000001,
            "min": 0.6198646000000001,
            "max": 0.9240058,
            "count": 5
        },
        "MoveToGoal.Policy.Beta.mean": {
            "value": 0.002752810885,
            "min": 0.002752810885,
            "max": 0.00472642325,
            "count": 5
        },
        "MoveToGoal.Policy.Beta.sum": {
            "value": 0.01101124354,
            "min": 0.01101124354,
            "max": 0.02120788942,
            "count": 5
        },
        "MoveToGoal.IsTraining.mean": {
            "value": 1.0,
            "min": 1.0,
            "max": 1.0,
            "count": 5
        },
        "MoveToGoal.IsTraining.sum": {
            "value": 1.0,
            "min": 1.0,
            "max": 1.0,
            "count": 5
        }
    },
    "metadata": {
        "timer_format_version": "0.1.0",
        "start_time_seconds": "1712003153",
        "python_version": "3.10.11 (tags/v3.10.11:7d4cc5a, Apr  5 2023, 00:38:17) [MSC v.1929 64 bit (AMD64)]",
        "command_line_arguments": "\\\\?\\C:\\Users\\X\\AppData\\Local\\Programs\\Python\\Python310\\Scripts\\mlagents-learn --run-id=4",
        "mlagents_version": "1.1.0.dev0",
        "mlagents_envs_version": "1.1.0.dev0",
        "communication_protocol_version": "1.5.0",
        "pytorch_version": "2.2.2+cpu",
        "numpy_version": "1.23.5",
        "end_time_seconds": "1712003298"
    },
    "total": 144.84547450000537,
    "count": 1,
    "self": 0.0031732000061310828,
    "children": {
        "run_training.setup": {
            "total": 0.020964099996490404,
            "count": 1,
            "self": 0.020964099996490404
        },
        "TrainerController.start_learning": {
            "total": 144.82133720000274,
            "count": 1,
            "self": 0.2024196006677812,
            "children": {
                "TrainerController._reset_env": {
                    "total": 15.0734664999909,
                    "count": 1,
                    "self": 15.0734664999909
                },
                "TrainerController.advance": {
                    "total": 129.47758259935654,
                    "count": 18788,
                    "self": 0.19291789874841925,
                    "children": {
                        "env_step": {
                            "total": 97.48970119972364,
                            "count": 18788,
                            "self": 88.11737319907115,
                            "children": {
                                "SubprocessEnvManager._take_step": {
                                    "total": 9.236045799756539,
                                    "count": 18789,
                                    "self": 0.7691465001407778,
                                    "children": {
                                        "TorchPolicy.evaluate": {
                                            "total": 8.466899299615761,
                                            "count": 17921,
                                            "self": 8.466899299615761
                                        }
                                    }
                                },
                                "workers": {
                                    "total": 0.13628220089594834,
                                    "count": 18787,
                                    "self": 0.0,
                                    "children": {
                                        "worker_root": {
                                            "total": 101.57388649917266,
                                            "count": 18787,
                                            "is_parallel": true,
                                            "self": 54.50601879785245,
                                            "children": {
                                                "steps_from_proto": {
                                                    "total": 0.0005328999977791682,
                                                    "count": 2,
                                                    "is_parallel": true,
                                                    "self": 0.00015279999934136868,